/*
Navicat MySQL Data Transfer

Source Server         : 83
Source Server Version : 50709
Source Host           : 172.30.234.83:3306
Source Database       : user_remind

Target Server Type    : MYSQL
Target Server Version : 50709
File Encoding         : 65001

Date: 2018-10-19 17:04:13
*/

SET FOREIGN_KEY_CHECKS=0;
-- ----------------------------
-- Table structure for `department_info`
-- ----------------------------
DROP TABLE IF EXISTS `department_info`;
CREATE TABLE `department_info` (
  `id` int(11) NOT NULL,
  `department` varchar(255) DEFAULT NULL,
  `explain` varchar(255) DEFAULT NULL,
  `leader_id` int(11) DEFAULT NULL,
  `member_id` varchar(255) DEFAULT NULL,
  `status` int(3) DEFAULT NULL,
  PRIMARY KEY (`id`)
) ENGINE=InnoDB DEFAULT CHARSET=utf8;

-- ----------------------------
-- Records of department_info
-- ----------------------------
INSERT INTO `department_info` VALUES ('1', '产品软件组', '客户应用开发，系统集成，现场调试，整车测试', null, null, '1');
INSERT INTO `department_info` VALUES ('2', '软件需求管理组', '客户需求对接，策略制定，开发进度管理，文档报告输出', null, null, '1');
INSERT INTO `department_info` VALUES ('3', '软件测试组', 'pack，HIL，VCU仿真', null, null, '1');
INSERT INTO `department_info` VALUES ('4', '基础软件部', 'AUTOSAR底层开发，从控，电流传感器、高压采样板软件开发、诊断、Boot', null, null, '1');
INSERT INTO `department_info` VALUES ('5', '大储能软件组', '负责大储能软件开发', null, null, '1');
INSERT INTO `department_info` VALUES ('6', 'SOX开发组', '负责SOC\\SOE\\SOH\\SOHE算法的开发', null, null, '1');
INSERT INTO `department_info` VALUES ('7', '主控平台组', '负责BMS应用层的开发', null, null, '1');
INSERT INTO `department_info` VALUES ('8', '上位机软件组', '负责应用软件的开发', null, null, '1');
INSERT INTO `department_info` VALUES ('9', '自主底层软件组', '负责自主底层平台的开发', null, null, '1');
INSERT INTO `department_info` VALUES ('10', '其他', '无', null, null, '1');
INSERT INTO `department_info` VALUES ('11', '软件部', '软件部全员', null, null, '1');

-- ----------------------------
-- Table structure for `item_info`
-- ----------------------------
DROP TABLE IF EXISTS `item_info`;
CREATE TABLE `item_info` (
  `id` int(11) NOT NULL,
  `item_name` varchar(255) DEFAULT NULL,
  `explain` varchar(255) DEFAULT NULL,
  `status` int(3) DEFAULT NULL,
  `department_id` int(11) DEFAULT NULL,
  PRIMARY KEY (`id`)
) ENGINE=InnoDB DEFAULT CHARSET=utf8;

-- ----------------------------
-- Records of item_info
-- ----------------------------
INSERT INTO `item_info` VALUES ('1', '48V', '……', '1', '2');
INSERT INTO `item_info` VALUES ('2', 'BBG', '雷诺BBG', '1', '2');
INSERT INTO `item_info` VALUES ('3', 'S2E', 'S2E-V2.0-BCMU', '1', '5');
INSERT INTO `item_info` VALUES ('4', 'S50EVB', '柳汽S50EVB', '1', '1');
INSERT INTO `item_info` VALUES ('5', 'TEXTRON', 'TEXTRON', '1', '2');
INSERT INTO `item_info` VALUES ('6', 'XP 1.0', '小鹏1.0', '1', '2');
INSERT INTO `item_info` VALUES ('7', 'XP David2.0 ET2', '小鹏2.0', '1', '2');
INSERT INTO `item_info` VALUES ('8', '电动汽车通用上位机平台', '雷诺上位机', '1', '8');
INSERT INTO `item_info` VALUES ('9', '电动汽车远程监控系统', '电动汽车远程监控系统', '1', '8');
INSERT INTO `item_info` VALUES ('10', '小鹏2.0上位机平台', '小鹏2.0上位机平台', '1', '8');
INSERT INTO `item_info` VALUES ('11', '柳汽/小鹏2.0从控上位机平台', '柳汽/小鹏2.0从控上位机平台', '1', '8');
INSERT INTO `item_info` VALUES ('12', '宇通上位机平台', '宇通上位机平台', '1', '8');
INSERT INTO `item_info` VALUES ('13', 'HIL辅助测试系统', 'HIL辅助测试系统', '1', '8');
INSERT INTO `item_info` VALUES ('14', '调试系统上位机', '调试系统上位机', '1', '8');
INSERT INTO `item_info` VALUES ('15', 'Renault HEV', 'Renault HEV', '1', '10');
INSERT INTO `item_info` VALUES ('16', 'Nissan', 'Nissan', '1', '10');
INSERT INTO `item_info` VALUES ('17', 'HBG', 'HBG', '1', '10');
INSERT INTO `item_info` VALUES ('18', 'JL-EV450', 'JL-EV450', '1', '10');
INSERT INTO `item_info` VALUES ('19', 'FCT', 'FCT', '1', '10');
INSERT INTO `item_info` VALUES ('20', '平台项目', '平台项目', '1', '7');
INSERT INTO `item_info` VALUES ('21', '本特勒', '本特勒', '1', '10');
INSERT INTO `item_info` VALUES ('22', 'S50EV', 'LQ-S50EV', '1', '10');
INSERT INTO `item_info` VALUES ('23', '预研', '预研', '1', '10');
INSERT INTO `item_info` VALUES ('24', 'SE', 'SE', '1', '5');
INSERT INTO `item_info` VALUES ('25', '5KW家庭储能', '5KW家庭储能', '1', '8');
INSERT INTO `item_info` VALUES ('26', '大储能TBOX', '大储能TBOX', '1', '8');
INSERT INTO `item_info` VALUES ('27', '摩拜', '摩拜', '1', '10');
INSERT INTO `item_info` VALUES ('28', 'BBG FCT', 'BBG FCT', '1', '10');
INSERT INTO `item_info` VALUES ('29', '柳汽生产上位机', '柳汽生产上位机', '1', '10');

-- ----------------------------
-- Table structure for `task_info`
-- ----------------------------
DROP TABLE IF EXISTS `task_info`;
CREATE TABLE `task_info` (
  `indexflag` int(11) NOT NULL,
  `auth_id` int(11) DEFAULT NULL,
  `assign_id` int(11) DEFAULT NULL,
  `status_id` int(3) DEFAULT NULL,
  `task_info` blob,
  `start_time` datetime DEFAULT NULL,
  `end_time` datetime DEFAULT NULL,
  `save_time` datetime DEFAULT NULL,
  `svn_path` blob,
  `item_id` int(11) DEFAULT NULL,
  PRIMARY KEY (`indexflag`)
) ENGINE=InnoDB DEFAULT CHARSET=utf8;

-- ----------------------------
-- Records of task_info
-- ----------------------------
INSERT INTO `task_info` VALUES ('1', '2', '2', '0', 0xE6B58BE8AF95, '2018-10-18 00:45:45', '2018-10-19 12:59:45', '2018-10-18 17:07:38', 0xE697A0, '1');
INSERT INTO `task_info` VALUES ('2', '2', '2', '0', 0xE6B58BE8AF9532, '2018-10-20 00:49:46', '2018-10-21 00:49:46', '2018-10-18 17:07:27', 0xE697A0, '1');
INSERT INTO `task_info` VALUES ('3', '3', '1', '0', 0x3133323436, '2013-10-18 01:25:51', '2018-10-19 01:25:51', '2018-10-18 17:25:17', null, '1');
INSERT INTO `task_info` VALUES ('4', '3', '2', '0', 0x35343735383738373837, '2014-10-18 01:27:22', '2018-01-18 01:27:22', '2018-10-18 17:27:11', null, '1');
INSERT INTO `task_info` VALUES ('5', '1', '3', '3', 0x74657374, '2018-10-18 01:26:20', '2018-10-19 01:26:20', '2018-10-18 17:56:46', null, '2');
INSERT INTO `task_info` VALUES ('6', '1', '2', '3', 0x74657374, '2018-10-22 01:27:30', '2018-10-24 01:27:30', '2018-10-18 17:45:05', null, '2');
INSERT INTO `task_info` VALUES ('7', '1', '1', '3', 0x74657374, '2018-10-18 01:29:10', '2018-10-25 01:29:11', '2018-10-18 17:45:03', 0x7775, '1');
INSERT INTO `task_info` VALUES ('8', '4', '3', '0', 0x533245E5A4A7E582A8E883BDE4B88AE4BD8DE69CBAEFBC9A0D0A312E5332452042434D55E4B88AE4BD8DE69CBA0D0A322E53324520E88081E58C96E4B88AE4BD8DE69CBA, '2018-10-18 01:51:05', '2018-11-09 01:51:05', '2018-10-18 18:46:41', 0x353636363534, '3');
INSERT INTO `task_info` VALUES ('9', '4', '4', '0', 0x332E30E78988E69CACE8A784E588920D0A312EE58FAFE4BBA5E58AA8E68081E689A9E5B195496F54E68EA5E585A5E680A7E883BD0D0A322EE58FAFE58886E5B883E5BC8FE5B883E7BDB2, '2018-10-15 01:55:39', '2018-10-19 01:55:39', '2018-10-18 17:59:50', null, '9');
INSERT INTO `task_info` VALUES ('10', '4', '4', '0', 0x42424720464354E4B88AE4BD8DE69CBAE8AEBEE8AEA1EFBC9A0D0A312EE4B88AE4BD8DE69CBAE69EB6E69E84E8AEBEE8AEA10D0A322EE4B88AE4BD8DE69CBAE58A9FE883BDE8AEBEE8AEA1, '2018-10-22 01:59:53', '2018-10-26 01:59:53', '2018-10-18 18:02:53', null, '28');
INSERT INTO `task_info` VALUES ('11', '4', '4', '0', 0x42424720464354E4B88AE4BD8DE69CBAE5BC80E58F91, '2018-10-29 02:05:19', '2018-11-02 02:05:19', '2018-10-18 18:07:23', null, '28');
INSERT INTO `task_info` VALUES ('12', '5', '5', '3', 0x5357333030E8BDAFE4BBB6446174615265636F7264E6A8A1E59D97E58F98E69BB40D0A312E205245512D30373120E588A0E999A4446174615265636F7264E6A8A1E59D97E4B8ADE79A8441627374696D65E8AEA1E697B6E58A9FE883BDEFBC8CE696B0E78988E69CACE68A8A41627374696D65E6A8A1E59D97E58AA0E585A5534F58E4B8ADEFBC8CE4BFAEE694B9E6A8A1E59E8BEFBC8CE99B86E68890E4BBA3E7A081EFBC8CE695B0E68DAEE5AD97E585B8EFBC9B0D0A322E20E4BC98E58C96E4BBA3E7A081EFBC8CE5A484E79086E585B3E4BA8E446174615265636F7264E6A8A1E59D97E79A84E7BC96E8AF91E8ADA6E5918AE4BFA1E681AFE38082200D0A, '2018-10-18 16:31:00', '2018-10-19 02:00:00', '2018-10-18 18:13:43', null, '2');
INSERT INTO `task_info` VALUES ('13', '5', '5', '2', 0x5357333030E8BDAFE4BBB6446174615265636F7264E6A8A1E59D97E58F98E69BB40D0A312E205245512D30373120E588A0E999A4446174615265636F7264E6A8A1E59D97E4B8ADE79A8441627374696D65E8AEA1E697B6E58A9FE883BDEFBC8CE696B0E78988E69CACE68A8A41627374696D65E6A8A1E59D97E58AA0E585A5534F58E4B8ADEFBC8CE4BFAEE694B9E6A8A1E59E8BEFBC8CE99B86E68890E4BBA3E7A081EFBC8CE695B0E68DAEE5AD97E585B8EFBC9B0D0A322E20E4BC98E58C96E4BBA3E7A081EFBC8CE5A484E79086E585B3E4BA8E446174615265636F7264E6A8A1E59D97E79A84E7BC96E8AF91E8ADA6E5918AE4BFA1E681AFE3808220, '2018-10-18 16:30:00', '2018-10-19 02:00:00', '2018-10-18 18:18:59', 0x73766E3A2F2F646471632D667330312F736F6674776172655F6465706172746D656E742F50726F6A6563745F437573746F6D65722F3030355F4B7769642F7472756E6B2F30365F536F757263652F4170706C69636174696F6E2F4D6F64656C5F436F64652F30345F4D6F64656C5F446174615265636F7264, '2');
INSERT INTO `task_info` VALUES ('14', '3', '4', '0', 0x315C310D0A325C0D0A335C, '2017-10-19 02:49:32', '2018-12-20 02:49:32', '2018-10-18 18:49:09', null, '8');
INSERT INTO `task_info` VALUES ('16', '5', '5', '0', 0x312E2046435420414443E9A9B1E58AA8E5BC80E58F91, '2018-10-18 16:30:00', '2018-10-19 02:30:00', '2018-10-19 08:51:33', null, '19');
INSERT INTO `task_info` VALUES ('18', '5', '5', '0', 0xE58A9FE883BDE5AE89E585A8E69687E6A1A3, '2018-10-21 16:30:00', '2018-10-23 02:00:00', '2018-10-19 08:52:08', null, '2');
INSERT INTO `task_info` VALUES ('19', '5', '5', '0', 0x464354E4BBA3E7A081E5BC80E58F91, '2018-10-23 16:30:00', '2018-10-25 16:30:00', '2018-10-19 08:52:36', null, '2');
INSERT INTO `task_info` VALUES ('28', '21', '21', '0', 0xE4B880E38081E5BC80E58F91E4BBBBE58AA1EFBC88323031382D31302D31377E323031382D31302D3139EFBC890D0A31E38081E99B86E68890534F48E6A8A1E59E8B0D0A32E38081E4BFAEE694B9E59D87E8A1A1E6A8A1E59E8BE5B9B6E99B86E688900D0A33E38081E4BFAEE694B9E8AFB7E6B182E58585E794B5E6A8A1E59E8BE6B885E99BB6E685A2E58585E6BBA1E980BBE8BE91EFBC8CE6BBA1E8B6B3E5A48DE58585E58A9FE883BD0D0AE4BA8CE38081E6B58BE8AF95E4BBBBE58AA1EFBC88323031382D31302D31397E323031382D31312D3131EFBC890D0A31E38081E59CA8E7A79FE5809FE8BDA6E8BE86E4B88AE6B58BE8AF95E4BFAEE694B9E782B9E980BBE8BE91E58F8AE585B6E4BD99E695B4E8BDA6E58A9FE883BD0D0A32E38081E58D8FE8B083312E30E88081E58C96E6B58BE8AF95E58C85E8BF9BE8A18C534F48E9AA8CE8AF81E6B58BE8AF95EFBC88E99C80E5AEA2E688B7E694AFE68C81EFBC890D0A, '2018-10-17 17:19:09', '2018-11-11 17:19:09', '2018-10-19 09:26:36', null, '6');
INSERT INTO `task_info` VALUES ('34', '3', '3', '0', 0xE6B58BE8AF95, '2018-10-19 13:52:19', '2018-10-20 13:52:19', '2018-10-19 13:54:51', null, '3');
INSERT INTO `task_info` VALUES ('35', '8', '8', '0', 0x31E38081E5AEA2E688B7424D53E6B58BE8AF95E997AEE9A298E58886E69E90E38081E695B4E79086E58886E69E90E8A1A80D0A32E38081E4BC98E58C96E99B86E68890E4BBA3E7A081EFBC8CE4BFAEE5A48DE7B3BBE7BB9FE78AB6E68081E69CBAE38081E695B4E8BDA6E9809AE8AEAFE6A8A1E59E8BE7BC96E8AF91E8ADA6E5918A, '2018-10-22 08:30:00', '2018-10-22 14:52:35', '2018-10-19 14:56:13', null, '7');
INSERT INTO `task_info` VALUES ('36', '10', '10', '3', 0xE7B3BBE7BB9FE78AB6E68081E69CBAE79A84E99C80E6B182E58886E8A7A3, '2018-10-19 22:54:49', '2018-10-22 22:54:49', '2018-10-19 15:52:08', null, '3');
INSERT INTO `task_info` VALUES ('37', '27', '27', '3', 0x31E38081E99BB7E8AFBAE9A1B9E79BAEE4BE8BE4BC9AEFBC9B0D0A32E38081E68C89E785A7E8AEA1E58892E4BB8AE5A4A9E5AE8CE68890E7AE97E6B395E99B86E68890EFBC8CE9878AE694BEE5889DE78988EFBC8CE8BF9BE8A18CE6A18CE99DA2E6B58BE8AF95EFBC9B, '2018-10-19 14:51:44', '2018-10-22 14:51:44', '2018-10-19 15:00:19', null, '2');
INSERT INTO `task_info` VALUES ('38', '10', '10', '3', 0xE7B3BBE7BB9FE78AB6E68081E69CBAE6A8A1E59E8BE5BBBAE7AB8B, '2018-10-19 22:56:43', '2018-10-23 22:56:43', '2018-10-19 15:52:11', null, '3');
INSERT INTO `task_info` VALUES ('39', '26', '26', '0', 0x48494CE6B58BE8AF95E997AEE9A298E58886E69E90E8A7A3E586B3, '2018-10-15 08:30:00', '2018-10-15 14:54:34', '2018-10-19 14:59:11', null, '4');
INSERT INTO `task_info` VALUES ('40', '10', '10', '3', 0xE7B3BBE7BB9FE78AB6E68081E69CBAE6A8A1E59E8BE5BBBAE7AB8B, '2018-10-19 22:57:08', '2018-10-24 22:57:08', '2018-10-19 15:52:15', null, '3');
INSERT INTO `task_info` VALUES ('41', '10', '10', '3', 0xE7B3BBE7BB9FE78AB6E68081E69CBAE6A8A1E59E8BE5BBBAE7AB8B, '2018-10-19 22:57:28', '2018-10-25 22:57:28', '2018-10-19 15:52:24', null, '3');
INSERT INTO `task_info` VALUES ('42', '26', '26', '0', 0xE695B4E79086E4B88AE4BCA0E4B98BE5898DE79A84E6B58BE8AF95E695B0E68DAEE588B053564E, '2018-10-16 08:30:00', '2018-10-16 14:57:46', '2018-10-19 15:00:26', null, '4');
INSERT INTO `task_info` VALUES ('43', '28', '28', '0', 0xE8BDAFE4BBB6454F43E99C80E6B182E58F98E69BB4, '2018-10-19 15:00:00', '2018-10-20 14:57:02', '2018-10-19 15:01:37', null, '2');
INSERT INTO `task_info` VALUES ('44', '20', '20', '3', 0x46435420492F4F206472697665E5BC80E58F91E5928CE6B58BE8AF95, '2018-10-22 08:30:00', '2018-10-26 14:54:51', '2018-10-19 15:09:13', null, '2');
INSERT INTO `task_info` VALUES ('45', '26', '26', '0', 0x533530455642E4BBA3E7A081726576696577EFBC8CE99288E5AFB9E7BC96E8AF91E8BF87E7A88BE4B8ADE587BAE78EB0E79A84E8ADA6E5918AE8BF9BE8A18CE8AF86E588ABEFBC8CE5908EE7BBADE69BB4E694B9, '2018-10-17 08:30:00', '2018-10-17 14:58:31', '2018-10-19 15:03:46', null, '4');
INSERT INTO `task_info` VALUES ('46', '27', '27', '0', 0x31E38081E99BB7E8AFBAE9A1B9E79BAEE4BE8BE4BC9AEFBC9B0D0A32E38081E68C89E785A7E8AEA1E58892E4BB8AE5A4A9E5AE8CE68890E7AE97E6B395E99B86E68890EFBC8CE9878AE694BE5357333030E5889DE6ADA5EFBC8CE8BF9BE8A18CE6A18CE99DA2E6B58BE8AF95EFBC9B, '2018-10-22 08:29:32', '2018-10-22 14:58:32', '2018-10-19 15:03:50', null, '2');
INSERT INTO `task_info` VALUES ('47', '25', '25', '3', 0x312E20E68C89E785A7E5AEA2E688B7E99C80E6B182E4BFAEE694B9525445E695B0E68DAEE380820D0A322E20534F58E99B86E688900D0A332E20E8A7A3E586B3E7BC96E8AF91E587BAE78EB0E79A84E8ADA6E5918AE38082, '2018-10-22 08:30:00', '2018-10-22 14:55:15', '2018-10-19 15:05:05', null, '2');
INSERT INTO `task_info` VALUES ('48', '27', '27', '3', 0x31E38081E68C89E785A7E8AEA1E58892E4BB8AE5A4A9E5AE8CE68890525445E4BBA3E7A081E79A84E69BB4E696B0EFBC9B0D0A32E380815357333030E8BDAFE4BBB6E6A18CE99DA2E6B58BE8AF95EFBC9B, '2018-10-23 08:03:07', '2018-10-23 15:03:07', '2018-10-19 15:17:44', null, '2');
INSERT INTO `task_info` VALUES ('49', '10', '10', '3', 0x31E38081E7B3BBE7BB9FE78AB6E68081E69CBAE6A8A1E59E8BE5BBBAE7AB8B0D0A32E38081E6A8A1E59E8BE8AF84E5AEA1, '2018-10-19 23:04:58', '2018-10-26 23:04:58', '2018-10-19 15:52:27', null, '3');
INSERT INTO `task_info` VALUES ('50', '26', '26', '0', 0xE695B4E8BDA6E6B58BE8AF95534F43E69CABE7ABAFE4BFAEE6ADA3E5BC82E5B8B8E997AEE9A298E58886E69E90E38081424D53E7AD96E795A5E69687E6A1A3E5ADA6E4B9A0, '2018-10-18 08:30:00', '2018-10-18 15:03:20', '2018-10-19 15:08:11', null, '4');
INSERT INTO `task_info` VALUES ('51', '26', '26', '0', 0xE8AF84E5AEA1E58886E69E90E79BAEE5898DE79A84E59D87E8A1A1E7AD96E795A5E5BA94E794A8E4BA8EE8BF90E890A5E8BDA6E8BE86E79A84E7BCBAE999B7EFBC8CE9878DE696B0E588B6E5AE9AE8AF84E5AEA1E696B0E59D87E8A1A1E7AD96E795A50D0A, '2018-10-19 08:30:00', '2018-10-19 15:06:09', '2018-10-19 15:11:10', null, '4');
INSERT INTO `task_info` VALUES ('52', '25', '25', '0', 0x312E20E68C89E785A7E5AEA2E688B7E99C80E6B182E4BFAEE694B9525445E695B0E68DAEE380820D0A322E20534F58E99B86E688900D0A332E20E8A7A3E586B3E7BC96E8AF91E587BAE78EB0E79A84E8ADA6E5918AE38082, '2018-10-22 08:30:00', '2018-10-26 15:09:12', '2018-10-19 15:11:55', null, '2');
INSERT INTO `task_info` VALUES ('53', '25', '25', '0', 0x312E20E68C89E785A7E5AEA2E688B7E99C80E6B182E4BFAEE694B9525445E695B0E68DAEE380820D0A322E20534F58E99B86E68890, '2018-10-22 08:30:00', '2018-10-26 15:10:53', '2018-10-19 15:13:52', null, '7');
INSERT INTO `task_info` VALUES ('54', '20', '20', '0', 0x4242472046435420492F4F206472697665E5BC80E58F91E4B88EE6B58BE8AF95, '2018-10-22 08:30:00', '2018-10-26 15:08:10', '2018-10-19 15:15:05', null, '28');
INSERT INTO `task_info` VALUES ('55', '25', '25', '0', 0x312E20E4BFAEE694B94765656C79204556343530E9A1B9E79BAEE6A8A1E7BB84465043E6B58BE8AF95E68980E99C80E8A681E79A843536E4BB8EE68EA7E4BBA3E7A081EFBC8CE5B9B6E4B88EE4B88AE4BD8DE69CBAE58CB9E9858DE38082, '2018-10-22 08:30:00', '2018-10-26 15:11:53', '2018-10-19 15:15:13', null, '18');
INSERT INTO `task_info` VALUES ('56', '27', '27', '0', 0x31E38081E68C89E785A7E8AEA1E58892E4BB8AE5A4A9E5AE8CE68890525445E4BBA3E7A081E79A84E69BB4E696B0EFBC9B0D0A32E380815357333030E8BDAFE4BBB6E6A18CE99DA2E6B58BE8AF95EFBC9B0D0A33E38081E8BDAFE4BBB6E9A1B9E79BAEE4BE8BE4BC9AEFBC9B, '2018-10-23 08:16:23', '2018-10-23 15:16:23', '2018-10-19 15:19:02', null, '2');
INSERT INTO `task_info` VALUES ('57', '27', '27', '0', 0x31E38081E9878AE694BE5357333030E6ADA3E5BC8FE78988E69CACEFBC8CE794A8E4BA8E48494CE6B58BE8AF95EFBC9B0D0A32E38081E4BB8AE5A4A9E5BC80E5A78BE8BF9BE8A18C48494CE6B58BE8AF95EFBC8CE69CACE591A8E79A84E8AEA1E58892E698AFE8BDAFE4BBB6E58D87E7BAA7E6B58BE8AF95E5928C445443E8AF8AE696ADE6B58BE8AF95EFBC9B, '2018-10-24 08:17:03', '2018-10-24 15:17:03', '2018-10-19 15:20:25', null, '2');
INSERT INTO `task_info` VALUES ('58', '27', '27', '0', 0x31E38081E8B79FE8BF9B48494CE6B58BE8AF95E68385E586B5EFBC8C0D0A32E38081E7BC96E586995357333030E8BDAFE4BBB6E78988E69CACE9878AE694BEE8AFB4E6988EE4B9A6EFBC9B, '2018-10-25 08:18:23', '2018-10-25 15:18:23', '2018-10-19 15:28:00', null, '2');
INSERT INTO `task_info` VALUES ('59', '27', '27', '0', 0x31E38081E7BC96E58699424247E591A8E5B7A5E4BD9CE8AEA1E58892EFBC9B0D0A32E38081E8B79FE8BF9B4242472048494C20E6B58BE8AF95EFBC9B, '2018-10-26 08:28:05', '2018-10-26 15:28:05', '2018-10-19 15:32:12', null, '2');
INSERT INTO `task_info` VALUES ('60', '10', '10', '3', 0x31E38081E582A8E883BDE9A1B9E79BAEE7B3BBE7BB9FE78AB6E68081E69CBAE99C80E6B182E58886E69E90, '2018-10-22 16:30:00', '2018-10-23 02:00:00', '2018-10-19 16:06:04', null, '3');
INSERT INTO `task_info` VALUES ('61', '10', '10', '3', 0xE582A8E883BDE9A1B9E79BAEE7B3BBE7BB9FE78AB6E68081E69CBAE6A8A1E59E8BE5BBBAE7AB8B, '2018-10-23 16:30:00', '2018-10-26 02:00:00', '2018-10-19 16:06:07', null, '3');
INSERT INTO `task_info` VALUES ('62', '10', '10', '3', 0x31E38081E7B3BBE7BB9FE78AB6E68081E69CBAE6A8A1E59E8BE5BBBAE7AB8B0D0A32E38081E6A8A1E59E8BE8AF84E5AEA1, '2018-10-26 16:30:00', '2018-10-27 02:30:00', '2018-10-19 16:06:11', null, '3');
INSERT INTO `task_info` VALUES ('63', '10', '10', '0', 0xE582A8E883BDE9A1B9E79BAEE7B3BBE7BB9FE78AB6E68081E69CBAE99C80E6B182E79086E8A7A3, '2018-10-22 16:30:00', '2018-10-23 02:00:00', '2018-10-19 16:07:56', null, '3');
INSERT INTO `task_info` VALUES ('64', '10', '10', '0', 0xE582A8E883BDE9A1B9E79BAEE7B3BBE7BB9FE78AB6E68081E69CBAE6A8A1E59E8BE5BBBAE7AB8B, '2018-10-23 16:30:00', '2018-10-27 02:00:00', '2018-10-19 16:09:18', null, '3');
INSERT INTO `task_info` VALUES ('65', '10', '10', '0', 0x31E38081E7B3BBE7BB9FE78AB6E68081E69CBAE6A8A1E59E8BE5BBBAE7AB8B0D0A32E38081E6A8A1E59E8BE8AF84E5AEA1, '2018-10-26 16:30:00', '2018-10-27 02:00:00', '2018-10-19 16:10:21', null, '3');
INSERT INTO `task_info` VALUES ('66', '32', '32', '0', 0xE58585E794B5E8AFB7E6B182E794B5E6B581E6A8A1E59E8BE4BC98E58C960D0A534F50E6A8A1E59E8BE4BFAEE694B9E5928CE6B58BE8AF95E9AA8CE8AF81, '2018-10-14 16:30:00', '2018-10-15 02:00:00', '2018-10-19 16:50:22', null, '2');
INSERT INTO `task_info` VALUES ('67', '9', '9', '0', 0xE88194E8B083E6B58BE8AF95, '2018-10-16 00:56:37', '2018-10-20 00:56:37', '2018-10-19 16:59:41', null, '25');
INSERT INTO `task_info` VALUES ('68', '3', '3', '0', 0xE6B58BE8AF9531, '2018-10-19 16:57:25', '2018-10-20 16:57:25', '2018-10-19 16:59:48', null, '3');

-- ----------------------------
-- Table structure for `user_info`
-- ----------------------------
DROP TABLE IF EXISTS `user_info`;
CREATE TABLE `user_info` (
  `id` int(11) NOT NULL,
  `user_name` varchar(40) DEFAULT NULL,
  `user_password` varchar(40) DEFAULT NULL,
  `user_email` varchar(40) DEFAULT NULL,
  `phone_number` varchar(40) DEFAULT NULL,
  `company` varchar(40) DEFAULT NULL,
  `real_name` varchar(40) DEFAULT NULL,
  `user_role` varchar(40) DEFAULT NULL,
  `department_id` int(11) DEFAULT NULL,
  `user_status` int(3) DEFAULT NULL,
  `save_time` datetime DEFAULT NULL,
  PRIMARY KEY (`id`)
) ENGINE=InnoDB DEFAULT CHARSET=utf8;

-- ----------------------------
-- Records of user_info
-- ----------------------------
INSERT INTO `user_info` VALUES ('1', 'evbjiyaoyuan', 'qiqiadmin', '', '', '', '超级管理员', '3', '10', '1', '2018-10-18 15:06:26');
INSERT INTO `user_info` VALUES ('2', '171025011', 'qiqiadmin', '', '', '', '程舒琪', '1', '10', '0', '2018-10-18 15:11:54');
INSERT INTO `user_info` VALUES ('3', '170711185', 'admin12', '', '', '', '张达天', '1', '8', '1', '2018-10-18 15:53:49');
INSERT INTO `user_info` VALUES ('4', '150418005', 'xiao2019.', '', '', '', '肖敏', '2', '8', '1', '2018-10-18 17:46:44');
INSERT INTO `user_info` VALUES ('5', '170711183', 'asd5751019.', '', '', '', '倪鹏飞', '1', '1', '1', '2018-10-18 17:47:14');
INSERT INTO `user_info` VALUES ('6', '170418002', 'Whb28335', '', '', '', '王洪斌', '1', '6', '1', '2018-10-18 17:52:16');
INSERT INTO `user_info` VALUES ('7', '1810100110', 'yymeinv.217', '', '', '', '王洋洋', '1', '4', '1', '2018-10-18 17:54:00');
INSERT INTO `user_info` VALUES ('8', '170711180', 'gwx2018.', '', '', '', '郭卫星', '1', '1', '1', '2018-10-18 17:58:43');
INSERT INTO `user_info` VALUES ('9', '161111003', '123456', '', '', '', '张兴旺', '1', '8', '1', '2018-10-18 18:07:34');
INSERT INTO `user_info` VALUES ('10', '170614017', 'yison321@', '', '', '', '熊鹰', '1', '1', '1', '2018-10-18 18:52:14');
INSERT INTO `user_info` VALUES ('11', '170329002', 'duan0517', '', '', '', '段居永', '2', '3', '1', '2018-10-18 19:24:13');
INSERT INTO `user_info` VALUES ('12', '1807160219', '123457', '', '', '', '白霖', '1', '11', '1', '2018-10-19 08:35:30');
INSERT INTO `user_info` VALUES ('13', '1801050001', '180105', '', '', '', '李娟', '1', '8', '1', '2018-10-19 08:42:40');
INSERT INTO `user_info` VALUES ('14', '140612002', 'lxx3914', '', '', '', '李小雄', '1', '7', '1', '2018-10-19 08:45:48');
INSERT INTO `user_info` VALUES ('15', '170711181', '123456', '', '', '', '刘盛森', '1', '4', '1', '2018-10-19 08:46:54');
INSERT INTO `user_info` VALUES ('16', '160427001', '19921025', '', '', '', '徐波', '1', '1', '1', '2018-10-19 08:49:07');
INSERT INTO `user_info` VALUES ('17', '140730094', 'ljj2018*', '', '', '', '李建杰', '2', '6', '1', '2018-10-19 08:51:50');
INSERT INTO `user_info` VALUES ('18', '170711188', '123456', '', '', '', '吴旭霖', '1', '1', '1', '2018-10-19 08:51:58');
INSERT INTO `user_info` VALUES ('19', '170711182', '170711182', '', '', '', '吴晴雨', '1', '4', '1', '2018-10-19 08:56:02');
INSERT INTO `user_info` VALUES ('20', '1807270015', 'hwh2012', '', '', '', '洪文花', '1', '1', '1', '2018-10-19 08:59:43');
INSERT INTO `user_info` VALUES ('21', '140422004', 'wq2008041521', '', '', '', '刘新勇', '2', '2', '1', '2018-10-19 09:20:48');
INSERT INTO `user_info` VALUES ('22', '170711186', 'ZHENG2@.', '', '', '', '郑勇华', '1', '1', '1', '2018-10-19 09:34:15');
INSERT INTO `user_info` VALUES ('23', '170711190', 'wuxubo', '', '', '', '吴旭波', '1', '9', '1', '2018-10-19 09:58:17');
INSERT INTO `user_info` VALUES ('24', '160705059', 'Aa*2018', '', '', '', '余琼', '1', '1', '1', '2018-10-19 14:44:14');
INSERT INTO `user_info` VALUES ('25', '160123025', '19880819', '', '', '', '闫冬冬', '1', '1', '1', '2018-10-19 14:49:09');
INSERT INTO `user_info` VALUES ('26', '151208010', '123456qq', '', '', '', '蔡子鑫', '2', '1', '1', '2018-10-19 14:51:35');
INSERT INTO `user_info` VALUES ('27', '160712001', 'cby*0320465', '', '', '', '陈昺玉', '2', '2', '1', '2018-10-19 14:52:17');
INSERT INTO `user_info` VALUES ('28', '1805240056', 'guozhi!@#$1234', '', '', '', '张国臻', '2', '11', '1', '2018-10-19 14:55:13');
INSERT INTO `user_info` VALUES ('29', '161222001', '123456', '', '', '', '吴伟湖', '1', '3', '1', '2018-10-19 14:57:02');
INSERT INTO `user_info` VALUES ('30', '1809260092', '1800092', '', '', '', '曾祥操', '1', '5', '1', '2018-10-19 15:01:50');
INSERT INTO `user_info` VALUES ('31', '170711187', 'aa**2018', '', '', '', '郑航宇', '1', '5', '1', '2018-10-19 15:14:23');
INSERT INTO `user_info` VALUES ('32', '170711179', 'pbb0.618', '', '', '', '潘斌彪', '1', '7', '1', '2018-10-19 16:46:28');
